{"cameraMode":{"drawMode":0,"name":"Shaded","section":"Shading Mode"},"sceneLighting":true,"audioPlay":false,"sceneViewState":{"showFog":false,"showMaterialUpdate":false,"showSkybox":false,"showFlares":false,"showImageEffects":false,"showParticleSystems":true},"in2DMode":false,"pivot":{"x":-5.250975608825684,"y":-7.811556339263916,"z":23.664104461669923},"rotation":{"x":-0.1563575714826584,"y":0.09967300295829773,"z":-0.01586124859750271,"w":-0.9825304746627808},"size":31.907869338989259,"orthographic":false}